{"cameraMode":{"drawMode":0,"name":"Shaded","section":"Shading Mode"},"sceneLighting":false,"audioPlay":false,"sceneViewState":{"showFog":false,"showMaterialUpdate":false,"showSkybox":false,"showFlares":false,"showImageEffects":false,"showParticleSystems":false},"in2DMode":false,"pivot":{"x":0.000006884336471557617,"y":0.7005378007888794,"z":-0.0000019073486328125},"rotation":{"x":-0.0021689238492399456,"y":0.9963441491127014,"z":-0.08119066059589386,"w":-0.02660766802728176},"size":3.4168691635131838,"orthographic":false}