{"cameraMode":{"drawMode":0,"name":"Shaded","section":"Shading Mode"},"sceneLighting":false,"audioPlay":false,"sceneViewState":{"showFog":false,"showMaterialUpdate":false,"showSkybox":false,"showFlares":false,"showImageEffects":false,"showParticleSystems":false},"in2DMode":false,"pivot":{"x":-5.300000190734863,"y":0.6000000238418579,"z":6.699999809265137},"rotation":{"x":0.039416078478097919,"y":-0.7918163537979126,"z":0.05138799175620079,"w":0.6073216199874878},"size":22.0,"orthographic":false}