{"cameraMode":{"drawMode":0,"name":"Shaded","section":"Shading Mode"},"sceneLighting":false,"audioPlay":false,"sceneViewState":{"showFog":false,"showMaterialUpdate":false,"showSkybox":false,"showFlares":false,"showImageEffects":false,"showParticleSystems":false},"in2DMode":false,"pivot":{"x":0.000016808509826660156,"y":0.899997353553772,"z":-0.000003337860107421875},"rotation":{"x":-0.018701933324337007,"y":0.9740376472473145,"z":-0.20792332291603089,"w":-0.08760490268468857},"size":3.2834584712982179,"orthographic":false}